#CHROM_x	POS_x	ID_x	INFO_x	#CHROM_y	POS_y	ID_y	INFO_y	SVTYPE	SVLEN	VAF	Minda_IDs
chr1	86871328	F_truthset_1_1	MATEID=truthset_1_2;SVTYPE=BND;SUPP_SEQ=ILL;SUPP_VAL=PCR,CAPTURE;GENE=.;CLUSTER=truthset_41;VAF=1.0	chr10	35830199	F_truthset_1_2	MATEID=truthset_1_1;SVTYPE=BND;SUPP_SEQ=ILL;SUPP_VAL=PCR,CAPTURE;GENE=.;CLUSTER=truthset_41;VAF=1.0	BND	-1	1.0	['A_Severus_v1.2_2', 'F_Unknown source_1']
chr3	25359111	F_truthset_7_1	MATEID=truthset_7_2;SVTYPE=BND;SUPP_SEQ=ILL;SUPP_VAL=CAPTURE;GENE=TRHDE;CLUSTER=truthset_6,truthset_8,truthset_9,truthset_10,truthset_18,truthset_43;VAF=1.0	chr12	72273112	F_truthset_7_2	MATEID=truthset_7_1;SVTYPE=BND;SUPP_SEQ=ILL;SUPP_VAL=CAPTURE;GENE=TRHDE;CLUSTER=truthset_6,truthset_8,truthset_9,truthset_10,truthset_18,truthset_43;VAF=1.0	BND	-1	1.0	['A_Severus_v1.2_16', 'B_Severus_v1.6_14', 'C_Severus_v1.6_72', 'F_Unknown source_12']
chr3	25359568	F_truthset_8_1	MATEID=truthset_8_2;SVTYPE=BND;SUPP_SEQ=ILL,ONT;SUPP_VAL=CAPTURE;GENE=BICC1;CLUSTER=truthset_6,truthset_7,truthset_9,truthset_10,truthset_18,truthset_43;VAF=1.0	chr10	58717464	F_truthset_8_2	MATEID=truthset_8_1;SVTYPE=BND;SUPP_SEQ=ILL,ONT;SUPP_VAL=CAPTURE;GENE=BICC1;CLUSTER=truthset_6,truthset_7,truthset_9,truthset_10,truthset_18,truthset_43;VAF=1.0	BND	-1	1.0	['A_Severus_v1.2_17', 'B_Severus_v1.6_15', 'C_Severus_v1.6_73', 'F_Unknown source_13']
chr3	186724386	F_truthset_13_1	MATEID=truthset_13_2;SVLEN=71459;SVTYPE=DEL;SUPP_SEQ=ILL;SUPP_VAL=PCR,CAPTURE;GENE=KNG1,RFC4;CLUSTER=.;VAF=1.0	chr3	186795845	F_truthset_13_2	MATEID=truthset_13_1;SVLEN=71459;SVTYPE=DEL;SUPP_SEQ=ILL;SUPP_VAL=PCR,CAPTURE;GENE=KNG1,RFC4;CLUSTER=.;VAF=1.0	DEL	71459	1.0	['F_Unknown source_21']
chr6	26193889	F_truthset_18_1	MATEID=truthset_18_2;SVLEN=289;SVTYPE=INV;SUPP_SEQ=ILL;SUPP_VAL=CAPTURE;GENE=.;CLUSTER=truthset_6,truthset_7,truthset_8,truthset_9,truthset_10,truthset_43;VAF=1.0	chr6	26194178	F_truthset_18_2	MATEID=truthset_18_1;SVLEN=289;SVTYPE=INV;SUPP_SEQ=ILL;SUPP_VAL=CAPTURE;GENE=.;CLUSTER=truthset_6,truthset_7,truthset_8,truthset_9,truthset_10,truthset_43;VAF=1.0	INV	289	1.0	['A_Severus_v1.2_34', 'B_Severus_v1.6_32', 'C_Severus_v1.6_154', 'F_Unknown source_32']
chr6	138452922	F_truthset_19_1	MATEID=truthset_19_2;SVTYPE=BND;SUPP_SEQ=ILL;SUPP_VAL=PCR,CAPTURE;GENE=NSHL1;CLUSTER=truthset_20,truthset_52,truthset_53,truthset_54;VAF=1.0	chr15	23472019	F_truthset_19_2	MATEID=truthset_19_1;SVTYPE=BND;SUPP_SEQ=ILL;SUPP_VAL=PCR,CAPTURE;GENE=NSHL1;CLUSTER=truthset_20,truthset_52,truthset_53,truthset_54;VAF=1.0	BND	-1	1.0	['F_Unknown source_34']
chr6	138453044	F_truthset_20_1	MATEID=truthset_20_2;SVTYPE=BND;SUPP_SEQ=ILL;SUPP_VAL=PCR,CAPTURE;GENE=NSHL1;CLUSTER=truthset_19,truthset_52,truthset_53,truthset_54;VAF=1.0	chr15	23467470	F_truthset_20_2	MATEID=truthset_20_1;SVTYPE=BND;SUPP_SEQ=ILL;SUPP_VAL=PCR,CAPTURE;GENE=NSHL1;CLUSTER=truthset_19,truthset_52,truthset_53,truthset_54;VAF=1.0	BND	-1	1.0	['F_Unknown source_35']
chr8	111050191	F_truthset_32_1	MATEID=truthset_32_2;SVLEN=1163;SVTYPE=DEL;SUPP_SEQ=ILL;SUPP_VAL=PCR,CAPTURE;GENE=.;CLUSTER=.;VAF=1.0	chr8	111051354	F_truthset_32_2	MATEID=truthset_32_1;SVLEN=1163;SVTYPE=DEL;SUPP_SEQ=ILL;SUPP_VAL=PCR,CAPTURE;GENE=.;CLUSTER=.;VAF=1.0	DEL	1163	1.0	['F_Unknown source_57']
chr10	33097525	F_truthset_41_1	MATEID=truthset_41_2;SVLEN=2732608;SVTYPE=DEL;SUPP_SEQ=ILL;SUPP_VAL=PCR,CAPTURE;GENE=.;CLUSTER=truthset_1;VAF=1.0	chr10	35830133	F_truthset_41_2	MATEID=truthset_41_1;SVLEN=2732608;SVTYPE=DEL;SUPP_SEQ=ILL;SUPP_VAL=PCR,CAPTURE;GENE=.;CLUSTER=truthset_1;VAF=1.0	DEL	2732608	1.0	['A_Severus_v1.2_67', 'F_Unknown source_72']
chr10	53716587	F_truthset_42_1	MATEID=truthset_42_2;SVLEN=549;SVTYPE=DEL;SUPP_SEQ=ILL,ONT;SUPP_VAL=CAPTURE;GENE=.;CLUSTER=.;VAF=1.0	chr10	53717136	F_truthset_42_2	MATEID=truthset_42_1;SVLEN=549;SVTYPE=DEL;SUPP_SEQ=ILL,ONT;SUPP_VAL=CAPTURE;GENE=.;CLUSTER=.;VAF=1.0	DEL	549	1.0	['F_Unknown source_75']
chr10	58717662	F_truthset_43_1	MATEID=truthset_43_2;SVTYPE=BND;SUPP_SEQ=ILL;SUPP_VAL=CAPTURE;GENE=BICC1,TRHDE;CLUSTER=truthset_6,truthset_7,truthset_8,truthset_9,truthset_10,truthset_18;VAF=1.0	chr12	72273295	F_truthset_43_2	MATEID=truthset_43_1;SVTYPE=BND;SUPP_SEQ=ILL;SUPP_VAL=CAPTURE;GENE=BICC1,TRHDE;CLUSTER=truthset_6,truthset_7,truthset_8,truthset_9,truthset_10,truthset_18;VAF=1.0	BND	-1	1.0	['A_Severus_v1.2_71', 'B_Severus_v1.6_78', 'C_Severus_v1.6_303', 'F_Unknown source_78']
chr14	104093751	F_truthset_50_1	MATEID=truthset_50_2;SVLEN=55;SVTYPE=DEL;SUPP_SEQ=ILL,ONT,PB;SUPP_VAL=NOT_VALIDATED;GENE=ASPG;CLUSTER=.;VAF=1.0	chr14	104093806	F_truthset_50_2	MATEID=truthset_50_1;SVLEN=55;SVTYPE=DEL;SUPP_SEQ=ILL,ONT,PB;SUPP_VAL=NOT_VALIDATED;GENE=ASPG;CLUSTER=.;VAF=1.0	DEL	55	1.0	['A_Severus_v1.2_86', 'B_Severus_v1.6_90', 'D_Severus_v1.6_75', 'F_Unknown source_92']
chr14	105867667	F_truthset_51_1	MATEID=truthset_51_1;SVLEN=100;SVTYPE=INS;SUPP_SEQ=ONT,PB;SUPP_VAL=PCR;GENE=.;CLUSTER=.;VAF=1.0	chr14	105867767	F_truthset_51_1	MATEID=truthset_51_1;SVLEN=100;SVTYPE=INS;SUPP_SEQ=ONT,PB;SUPP_VAL=PCR;GENE=.;CLUSTER=.;VAF=1.0	INS	100	1.0	['B_Severus_v1.6_91', 'F_Unknown source_94']
chr15	23440461	F_truthset_52_1	MATEID=truthset_52_2;SVTYPE=BND;SUPP_SEQ=ILL;SUPP_VAL=PCR,CAPTURE;GENE=.;CLUSTER=truthset_19,truthset_20,truthset_53,truthset_54;VAF=1.0	chr20	38645825	F_truthset_52_2	MATEID=truthset_52_1;SVTYPE=BND;SUPP_SEQ=ILL;SUPP_VAL=PCR,CAPTURE;GENE=.;CLUSTER=truthset_19,truthset_20,truthset_53,truthset_54;VAF=1.0	BND	-1	1.0	['F_Unknown source_95']
chr15	23461732	F_truthset_53_1	MATEID=truthset_53_2;SVTYPE=BND;SUPP_SEQ=ILL;SUPP_VAL=PCR,CAPTURE;GENE=.;CLUSTER=truthset_19,truthset_20,truthset_52,truthset_54;VAF=1.0	chr20	38646024	F_truthset_53_2	MATEID=truthset_53_1;SVTYPE=BND;SUPP_SEQ=ILL;SUPP_VAL=PCR,CAPTURE;GENE=.;CLUSTER=truthset_19,truthset_20,truthset_52,truthset_54;VAF=1.0	BND	-1	1.0	['A_Severus_v1.2_88', 'B_Severus_v1.6_94', 'C_Severus_v1.6_392', 'F_Unknown source_96']
